{"cameraMode":{"drawMode":0,"name":"Shaded","section":"Shading Mode"},"sceneLighting":true,"audioPlay":false,"sceneViewState":{"m_AlwaysRefresh":false,"showFog":true,"showSkybox":true,"showFlares":true,"showImageEffects":true,"showParticleSystems":true,"showVisualEffectGraphs":true,"m_FxEnabled":true},"in2DMode":false,"pivot":{"x":0.35618865489959719,"y":1.1387457847595215,"z":0.13886424899101258},"rotation":{"x":-0.07015050202608109,"y":0.006880722474306822,"z":-0.00048446693108417094,"w":-0.9975184798240662},"size":6.523963451385498,"orthographic":false}